Time,Inj Gas Meter Volume Instantaneous,Inj Gas Meter Volume Setpoint,Inj Gas Valve Percent Open,accumulated_sum,total_volume,volume_difference,numeric_time
2024-10-31 00:00:00,559.0225499999999,543.0,44.65046,559.0225499999999,309.4164099212699,16.02254999999991,0.0
2024-10-31 00:14:00,549.6309,543.0,44.68318,1108.6534499999998,613.2718333602899,6.630899999999997,840.0
2024-10-31 00:30:00,586.3567499999999,543.0,44.58979,1695.0101999999997,939.2087113414198,43.35674999999992,1800.0
2024-10-31 00:46:00,573.30135,543.0,44.62712,2268.3115499999994,1256.0294326076398,30.301349999999957,2760.0
2024-10-31 01:00:00,564.6483000000001,543.0,44.64499,2832.9598499999993,1568.1852082634848,21.648300000000063,3600.0
2024-10-31 01:14:00,559.5771,543.0,44.65577,3392.5369499999993,1877.5734524429847,16.577099999999973,4440.0
2024-10-31 01:28:00,594.0436500000001,543.0,44.5543,3986.5805999999993,2210.3875197341995,51.04365000000007,5280.0
2024-10-31 01:44:00,579.2346,543.0,44.60474,4565.815199999999,2529.2452011595196,36.2346,6240.0
2024-10-31 02:00:00,575.6688,543.0,44.612,5141.4839999999995,2847.765157919999,32.66880000000003,7200.0
2024-10-31 02:14:00,569.6556,543.0,44.63334,5711.1395999999995,3162.0672444573597,26.65560000000005,8040.0
2024-10-31 02:30:00,556.50495,543.0,44.65831,6267.644549999999,3468.6204171628942,13.504950000000008,9000.0
2024-10-31 02:46:00,582.01815,543.0,44.58346,6849.662699999999,3795.8460700105798,39.01814999999999,9960.0
2024-10-31 03:00:00,583.23225,543.0,44.59333,7432.894949999999,4118.3195763931635,40.23225000000002,10800.0
2024-10-31 03:16:00,557.40765,543.0,44.62994,7990.302599999999,4424.23534380156,14.40764999999999,11760.0
2024-10-31 03:28:00,559.6974,543.0,44.65321,8550.0,4732.150545,16.697400000000016,12480.0
2024-10-31 03:44:00,561.0645,543.0,44.64957,9111.0645,5043.0133783273495,18.064499999999953,13440.0
2024-10-31 04:00:00,574.6855499999999,543.0,44.61326,9685.75005,5364.62119724337,31.68554999999992,14400.0
2024-10-31 04:14:00,577.60605,543.0,44.63443,10263.3561,5682.36560589477,34.60604999999998,15240.0
2024-10-31 04:30:00,571.9866000000001,543.0,44.61763,10835.342700000001,6000.869584881991,28.986600000000067,16200.0
2024-10-31 04:46:00,566.8248,543.0,44.64836,11402.167500000001,6311.286706797001,23.824799999999982,17160.0
2024-10-31 04:58:00,576.3850500000001,543.0,44.33146,11978.552550000002,6668.285317717771,33.38505000000009,17880.0
2024-10-31 05:14:00,574.7841,543.0,44.34416,12553.336650000003,6986.66496058536,31.784099999999967,18840.0
2024-10-31 05:30:00,561.53055,543.0,44.39851,13114.867200000002,7292.061574721281,18.53054999999995,19800.0
2024-10-31 05:44:00,546.55815,543.0,44.41094,13661.425350000003,7594.257934666712,3.558149999999955,20640.0
2024-10-31 06:00:00,558.4390500000001,543.0,44.38026,14219.864400000004,7909.051607632563,15.439050000000066,21600.0
2024-10-31 06:14:00,572.1432,543.0,44.3538,14792.007600000004,8231.190133111202,29.14319999999998,22440.0
2024-10-31 06:30:00,567.6579,543.0,44.36668,15359.665500000005,8545.091858544602,24.65790000000004,23400.0
2024-10-31 06:46:00,556.07025,543.0,44.39721,15915.735750000005,8849.593126027426,13.070249999999987,24360.0
2024-10-31 06:58:00,546.97725,543.0,44.41696,16462.713000000007,9150.476351875202,3.9772500000000264,25080.0
2024-10-31 07:14:00,571.2198,543.0,44.3497,17033.932800000006,9479.434704998403,28.219799999999964,26040.0
2024-10-31 07:30:00,565.43385,543.0,44.3615,17599.366650000007,9792.023613560254,22.433850000000007,27000.0
2024-10-31 07:44:00,562.36515,543.0,44.37756,18161.73180000001,10101.998373415923,19.36514999999997,27840.0
2024-10-31 08:00:00,549.08595,543.0,44.41018,18710.81775000001,10401.309907753055,6.085950000000025,28800.0
2024-10-31 08:16:00,546.15675,543.0,44.419,19256.974500000008,10703.218996845004,3.156749999999988,29760.0
2024-10-31 08:30:00,584.6124,543.0,44.31561,19841.58690000001,11048.666631584916,41.61239999999998,30600.0
2024-10-31 08:44:00,573.8061,543.0,44.35046,20415.39300000001,11361.072293692205,30.806100000000015,31440.0
2024-10-31 08:58:00,560.93895,543.0,44.38796,20976.33195000001,11665.366114566785,17.938949999999977,32280.0
2024-10-31 09:14:00,554.2827,543.0,44.40012,21530.61465000001,11970.995908662426,11.282699999999977,33240.0
2024-10-31 09:30:00,545.76135,543.0,44.41581,22076.37600000001,12270.974780954406,2.761349999999993,34200.0
2024-10-31 09:44:00,577.70445,543.0,44.3311,22654.080450000012,12611.277391630056,34.70444999999995,35040.0
2024-10-31 10:00:00,565.99395,543.0,44.3562,23220.074400000012,12920.531758987207,22.99395000000004,36000.0
2024-10-31 10:16:00,555.49005,543.0,44.39793,23775.564450000013,13219.70598838412,12.490049999999997,36960.0
2024-10-31 10:28:00,544.86165,543.0,44.41911,24320.42610000001,13517.509278172294,1.8616500000000542,37680.0
2024-10-31 10:44:00,573.1845,543.0,44.3461,24893.61060000001,13854.265149713407,30.184499999999957,38640.0
2024-10-31 10:58:00,565.70355,543.0,44.36767,25459.31415000001,14163.609663664702,22.70354999999995,39480.0
2024-10-31 11:14:00,539.49735,543.0,44.3986,25998.81150000001,14455.703177361007,3.502650000000017,40440.0
2024-10-31 11:30:00,547.63275,543.0,44.42148,26546.44425000001,14754.120826775106,4.632749999999987,41400.0
2024-10-31 11:44:00,537.68835,543.0,44.44006,27084.13260000001,15047.927822080446,5.311649999999986,42240.0
2024-10-31 12:00:00,565.84485,543.0,44.40781,27649.977450000013,15371.227998961162,22.84484999999995,43200.0
2024-10-31 12:16:00,551.3133,543.0,44.40445,28201.290750000015,15678.662699561635,8.313300000000027,44160.0
2024-10-31 12:28:00,537.8523,543.0,44.47496,28739.143050000013,15957.420674169729,5.147699999999986,44880.0
2024-10-31 12:44:00,536.6283000000001,543.0,44.45201,29275.771350000014,16262.10254192087,6.371699999999919,45840.0
2024-10-31 13:00:00,535.6395,543.0,44.44459,29811.410850000015,16561.85152450199,7.360500000000002,46800.0
2024-10-31 13:14:00,556.9569,543.0,44.38197,30368.367750000016,16890.287885705333,13.956900000000019,47640.0
2024-10-31 13:30:00,551.90055,543.0,44.39755,30920.268300000014,17192.426721373355,8.900549999999953,48600.0
2024-10-31 13:44:00,541.99125,543.0,44.4304,31462.259550000013,17483.451782896806,1.0087499999999636,49440.0
2024-10-31 14:00:00,530.3100000000001,543.0,44.45881,31992.569550000015,17769.05383964765,12.68999999999994,50400.0
2024-10-31 14:14:00,555.0696,543.0,44.39986,32547.639150000014,18096.532934094816,12.069600000000037,51240.0
2024-10-31 14:28:00,552.97965,543.0,44.39899,33100.61880000001,18404.278369049884,9.979649999999992,52080.0
2024-10-31 14:44:00,542.7615000000001,543.0,44.42754,33643.38030000001,18696.454059865388,0.23849999999993088,53040.0
2024-10-31 15:00:00,531.168,543.0,44.46262,34174.54830000001,18979.648752654542,11.831999999999994,54000.0
2024-10-31 15:14:00,526.2186,543.0,44.47208,34700.76690000001,19268.614083618486,16.781399999999962,54840.0
2024-10-31 15:30:00,559.43805,543.0,44.38593,35260.20495000001,19609.63506303647,16.438049999999976,55800.0
2024-10-31 15:46:00,544.93035,543.0,44.40762,35805.13530000001,19904.926875490142,1.9303499999999758,56760.0
2024-10-31 16:00:00,539.9238,543.0,44.43489,36345.059100000006,20195.172068480013,3.0761999999999716,57600.0
2024-10-31 16:14:00,532.458,543.0,44.45175,36877.517100000005,20484.815392500757,10.54200000000003,58440.0
2024-10-31 16:28:00,525.9168,543.0,44.46958,37403.4339,20770.28393909238,17.083200000000033,59280.0
2024-10-31 16:44:00,559.6263,543.0,44.38335,37963.06020000001,21113.782320723305,16.626300000000015,60240.0
2024-10-31 17:00:00,550.96365,543.0,44.40841,38514.023850000005,21410.55823119422,7.96365000000003,61200.0
2024-10-31 17:14:00,542.37585,543.0,44.43136,39056.3997,21703.110146254083,0.624149999999986,62040.0
2024-10-31 17:30:00,536.5236,543.0,44.44576,39592.9233,21995.54763309792,6.476400000000012,63000.0
2024-10-31 17:46:00,532.4322,543.0,44.45108,40125.355500000005,22289.201626410602,10.567800000000034,63960.0
2024-10-31 17:58:00,556.5525,543.0,44.3913,40681.908,22622.680173996003,13.552500000000009,64680.0
2024-10-31 18:14:00,550.21905,543.0,44.4006,41232.12705,22924.815247037706,7.219050000000038,65640.0
2024-10-31 18:28:00,532.5312,543.0,44.45381,41764.65825,23198.67642439568,10.468799999999987,66480.0
2024-10-31 18:44:00,521.23005,543.0,44.48349,42285.8883,23475.64940665833,21.769949999999994,67440.0
2024-10-31 19:00:00,513.19875,543.0,44.50417,42799.08705,23751.708590820017,29.801249999999982,68400.0
2024-10-31 19:14:00,547.0332000000001,543.0,44.41191,43346.12025,24095.280336078227,4.033200000000079,69240.0
2024-10-31 19:30:00,544.50225,543.0,44.43177,43890.6225,24389.242059231747,1.5022500000000036,70200.0
2024-10-31 19:46:00,533.7156,543.0,44.45117,44424.3381,24677.20004979423,9.284400000000005,71160.0
2024-10-31 19:58:00,524.8098,543.0,44.4753,44949.1479,24957.879524031305,18.190200000000004,71880.0
2024-10-31 20:14:00,513.16755,543.0,44.50771,45462.31545,25228.079930228807,29.832449999999994,72840.0
2024-10-31 20:30:00,554.961,543.0,44.39487,46017.276450000005,25587.96639248189,11.961000000000013,73800.0
2024-10-31 20:44:00,548.3027999999999,543.0,44.41065,46565.57925,25885.502828809877,5.302799999999934,74640.0
2024-10-31 21:00:00,533.895,543.0,44.45106,47099.47425,26163.25869144795,9.105000000000018,75600.0
2024-10-31 21:14:00,527.02815,543.0,44.46939,47626.5024,26447.28730438464,15.971850000000018,76440.0
2024-10-31 21:30:00,519.59655,543.0,44.48921,48146.09895,26726.279881326704,23.40345000000002,77400.0
2024-10-31 21:44:00,550.37205,543.0,44.40714,48696.471,27071.760947970597,7.372049999999945,78240.0
2024-10-31 21:58:00,540.85995,543.0,44.4477,49237.330949999996,27352.469801336847,2.140049999999974,79080.0
2024-10-31 22:14:00,530.7570000000001,543.0,44.46214,49768.087949999994,27640.131010347868,12.242999999999938,80040.0
2024-10-31 22:30:00,518.4987,543.0,44.49467,50286.58664999999,27911.73586581844,24.501300000000015,81000.0
2024-10-31 22:44:00,513.4107,543.0,44.50479,50799.99734999999,28191.565209376928,29.58929999999998,81840.0
2024-10-31 23:00:00,552.86985,543.0,44.40052,51352.86719999999,28551.927128290557,9.869850000000042,82800.0
2024-10-31 23:16:00,540.43875,543.0,44.43328,51893.305949999994,28835.40801597984,2.5612499999999727,83760.0
2024-10-31 23:30:00,533.7882,543.0,44.44549,52427.09415,29125.615262271163,9.21180000000004,84600.0
2024-10-31 23:44:00,524.3559,543.0,44.53228,52951.45005,29370.962049673857,18.64409999999998,85440.0
2024-10-31 23:58:00,514.6791,543.0,44.5309,53466.12915,29657.180644342654,28.32090000000005,86280.0
2024-11-01 00:14:00,529.8608999999999,543.0,44.45814,53995.99005,29990.377199184928,13.139100000000099,87240.0
2024-11-01 00:30:00,532.5912,543.0,44.4599,54528.58125,30285.228554831254,10.408800000000042,88200.0
2024-11-01 00:44:00,536.73585,543.0,44.4475,55065.3171,30590.160281977503,6.264149999999972,89040.0
2024-11-01 01:00:00,526.1412,543.0,44.47006,55591.4583,30869.90343911502,16.858799999999974,90000.0
2024-11-01 01:16:00,516.5116499999999,543.0,44.49282,56107.96995,31143.95187449241,26.488350000000082,90960.0
2024-11-01 01:28:00,527.65365,543.0,44.47053,56635.6236,31449.461616274923,15.34635000000003,91680.0
2024-11-01 01:44:00,541.4997,543.0,44.42931,57177.1233,31773.72193996077,1.5003000000000384,92640.0
2024-11-01 01:58:00,534.5172,543.0,44.43978,57711.6405,32064.714427409104,8.482799999999997,93480.0
2024-11-01 02:14:00,525.2873999999999,543.0,44.48587,58236.9279,32329.723862412277,17.712600000000066,94440.0
2024-11-01 02:30:00,518.6546999999999,543.0,44.4965,58755.5826,32611.404788391,24.345300000000066,95400.0
2024-11-01 02:44:00,522.1794,543.0,44.47508,59277.762,32913.9299282904,20.820600000000013,96240.0
2024-11-01 03:00:00,541.59885,543.0,44.42805,59819.360850000005,33242.78530188158,1.4011500000000296,97200.0
2024-11-01 03:16:00,541.69455,543.0,44.43161,60361.055400000005,33541.666672788066,1.3054499999999507,98160.0
2024-11-01 03:28:00,527.7723000000001,543.0,44.46878,60888.8277,33812.308865507934,15.227699999999913,98880.0
2024-11-01 03:44:00,521.5279499999999,543.0,44.48049,61410.355650000005,34094.72854613732,21.47205000000008,99840.0
2024-11-01 04:00:00,562.0896,543.0,44.36995,61972.445250000004,34475.30227879762,19.08960000000002,100800.0
2024-11-01 04:14:00,539.8870499999999,543.0,44.40039,62512.3323,34756.61296070403,3.112950000000069,101640.0
2024-11-01 04:30:00,543.3858,543.0,44.4301,63055.7181,35039.9994924519,0.38580000000001746,102600.0
2024-11-01 04:44:00,533.9856,543.0,44.44624,63589.7037,35326.47137820912,9.014400000000023,103440.0
2024-11-01 05:00:00,527.98275,543.0,44.46508,64117.68645,35607.70587585834,15.01724999999999,104400.0
2024-11-01 05:14:00,560.4357,543.0,44.3803,64678.12215,35973.77750546356,17.435699999999997,105240.0
2024-11-01 05:28:00,538.452,543.0,44.43854,65216.57415,36235.28075972259,4.548000000000002,106080.0
2024-11-01 05:44:00,544.40895,543.0,44.42303,65760.9831,36547.96184919207,1.4089500000000044,107040.0
2024-11-01 06:00:00,533.1542999999999,543.0,44.46248,66294.13739999999,36818.11981735248,9.845700000000079,108000.0
2024-11-01 06:14:00,525.5382,543.0,44.47292,66819.67559999999,37103.01472615247,17.46180000000004,108840.0
2024-11-01 06:30:00,550.37265,543.0,44.4071,67370.04824999999,37452.96355357425,7.3726500000000215,109800.0
2024-11-01 06:46:00,544.8753,543.0,44.40439,67914.92354999999,37757.71602865615,1.8753000000000384,110760.0
2024-11-01 07:00:00,533.0247,543.0,44.4395,68447.94824999999,38030.022287441236,9.975299999999947,111600.0
2024-11-01 07:14:00,532.84425,543.0,44.46048,68980.79249999998,38311.601046695985,10.155750000000012,112440.0
2024-11-01 07:28:00,564.81975,543.0,44.3686,69545.61224999998,38689.19773324649,21.81975,113280.0
2024-11-01 07:44:00,552.2472,543.0,44.4021,70097.85944999997,38972.937799151536,9.24720000000002,114240.0
2024-11-01 08:00:00,548.5281,543.0,44.41224,70646.38754999997,39270.74435996387,5.528099999999995,115200.0
2024-11-01 08:14:00,536.30475,543.0,44.44165,71182.69229999997,39547.92932745703,6.695249999999987,116040.0
2024-11-01 08:30:00,529.20705,543.0,44.46025,71711.89934999996,39828.6096192416,13.792950000000019,117000.0
2024-11-01 08:46:00,559.9605,543.0,44.38623,72271.85984999996,40193.10591170133,16.960500000000025,117960.0
2024-11-01 08:58:00,555.1043999999999,543.0,44.40616,72826.96424999996,40487.30598200218,12.104399999999941,118680.0
2024-11-01 09:14:00,534.73875,543.0,44.44701,73361.70299999996,40754.61953141968,8.261250000000018,119640.0
2024-11-01 09:28:00,534.9936,543.0,44.45326,73896.69659999997,41047.205928990814,8.006399999999985,120480.0
2024-11-01 09:44:00,510.61980000000005,543.0,44.51159,74407.31639999997,41287.43679402922,32.380199999999945,121440.0
2024-11-01 10:00:00,547.0071,543.0,44.41728,74954.32349999997,41661.65175889918,4.007100000000037,122400.0
2024-11-01 10:14:00,506.2011,543.0,44.5238,75460.52459999998,41862.63154814518,36.7989,123240.0
2024-11-01 10:30:00,479.0652,543.0,45.99658,75939.58979999997,41009.97562597114,63.934799999999996,124200.0
2024-11-01 10:46:00,486.1887,543.0,49.81952,76425.77849999997,38350.82249503679,56.81130000000002,125160.0
2024-11-01 10:58:00,519.3661500000001,543.0,50.30236,76945.14464999997,38239.92098563624,23.63384999999994,125880.0
2024-11-01 11:14:00,494.5146,543.0,50.36288,77439.65924999997,38438.81658951358,48.48540000000003,126840.0
2024-11-01 11:30:00,512.3877,543.0,50.89892,77952.04694999997,38275.29693455705,30.612300000000005,127800.0
2024-11-01 11:44:00,508.5879,543.0,50.93899,78460.63484999997,38493.57990982197,34.41210000000001,128640.0
2024-11-01 12:00:00,500.92140000000006,543.0,51.53749,78961.55624999998,38266.75209381187,42.07859999999994,129600.0
2024-11-01 12:14:00,505.38495,543.0,52.12703,79466.94119999999,38043.18492059364,37.61505,130440.0
2024-11-01 12:30:00,502.7286,543.0,53.59671,79969.66979999999,37108.55778933641,40.27140000000003,131400.0
2024-11-01 12:44:00,487.75035,543.0,54.21635,80457.42014999999,36836.34364050547,55.249649999999974,132240.0
2024-11-01 12:58:00,509.7777,543.0,55.6423,80967.19785,35915.18672070945,33.22230000000002,133080.0
2024-11-01 13:14:00,510.75659999999993,543.0,58.43777,81477.95444999999,33864.05482780423,32.243400000000065,134040.0
2024-11-01 13:30:00,479.13105,543.0,66.12701,81957.08549999999,27761.315375706447,63.868949999999984,135000.0
2024-11-01 13:44:00,0.0,543.0,100.0,81957.08549999999,0.0,543.0,135840.0
2024-11-01 14:00:00,0.0,543.0,100.0,81957.08549999999,0.0,543.0,136800.0
2024-11-01 14:44:00,607.07475,543.0,47.78658,82564.16024999999,43109.57176080554,64.07475,139440.0
2024-11-01 14:58:00,557.4297,543.0,45.71022,83121.58994999998,45126.5283163571,14.429700000000025,140280.0
2024-11-01 15:14:00,537.7002,543.0,45.76697,83659.29014999999,45370.96792483653,5.299800000000005,141240.0
2024-11-01 15:30:00,522.9849,543.0,45.80622,84182.27504999998,45621.55693959187,20.01509999999996,142200.0
2024-11-01 15:44:00,516.3738,543.0,45.82545,84698.64884999998,45885.11187056766,26.62620000000004,143040.0
2024-11-01 16:00:00,516.9843000000001,543.0,45.82498,85215.63314999998,46165.58630213913,26.015699999999924,144000.0
2024-11-01 16:16:00,514.76385,543.0,45.8281,85730.39699999998,46441.784932443,28.236149999999952,144960.0
2024-11-01 16:28:00,525.2778000000001,543.0,45.80485,86255.67479999998,46746.39234137218,17.72219999999993,145680.0
2024-11-01 16:44:00,499.89705,543.0,45.85911,86755.57184999998,46970.23872417945,43.10295000000002,146640.0
2024-11-01 16:58:00,496.3932,543.0,47.95742,87251.96504999998,45408.17371271828,46.60680000000002,147480.0
2024-11-01 17:14:00,525.0153,543.0,47.88861,87776.98034999998,45741.80456041186,17.984699999999975,148440.0
2024-11-01 17:30:00,531.49065,543.0,47.86526,88308.47099999999,46039.391753825395,11.50935000000004,149400.0
2024-11-01 17:44:00,530.78595,543.0,47.86949,88839.25695,46312.35772824544,12.214050000000043,150240.0
2024-11-01 18:00:00,517.9272000000001,543.0,47.89279,89357.18415,46561.53559512722,25.072799999999916,151200.0
2024-11-01 18:16:00,528.1278,543.0,50.97045,89885.31195,44070.36396518123,14.87220000000002,152160.0
2024-11-01 18:28:00,561.5024999999999,543.0,50.90991,90446.81445,44400.422615638,18.50249999999994,152880.0
2024-11-01 18:44:00,554.2573500000001,543.0,50.89999,91001.0718,44681.53535390718,11.257350000000088,153840.0
2024-11-01 19:00:00,558.7617,543.0,50.88442,91559.83350000001,44970.1432705593,15.761700000000019,154800.0
2024-11-01 19:14:00,584.5032,543.0,46.84387,92144.33670000001,48980.36340388971,41.50319999999999,155640.0
2024-11-01 19:30:00,544.9716,543.0,46.92785,92689.30830000002,49192.20873493847,1.9715999999999667,156600.0
2024-11-01 19:44:00,552.47055,543.0,46.90042,93241.77885000002,49510.99295387884,9.470550000000003,157440.0
2024-11-01 20:00:00,555.73275,543.0,46.87458,93797.51160000001,49830.32198704873,12.73275000000001,158400.0
2024-11-01 20:14:00,561.3243,543.0,46.9108,94358.8359,50094.351108622795,18.324299999999994,159240.0
2024-11-01 20:28:00,551.11275,543.0,46.08385,94909.94865,51171.790279056986,8.112750000000005,160080.0
2024-11-01 20:44:00,522.7085999999999,543.0,46.08385,95432.65725,51453.614631895885,20.291400000000067,161040.0
2024-11-01 21:00:00,526.88685,543.0,46.15486,95959.5441,51669.55086400674,16.11315000000002,162000.0
2024-11-01 21:14:00,526.88685,543.0,46.16428,96486.43095,51944.16480423535,16.11315000000002,162840.0
2024-11-01 21:30:00,567.64905,543.0,46.16428,97054.07999999999,52249.762757376004,24.64904999999999,163800.0
2024-11-01 21:46:00,567.64905,543.0,45.81068,97621.72905,52900.551144437464,24.64904999999999,164760.0
2024-11-01 22:00:00,526.45365,543.0,45.81068,98148.18269999999,53185.832797487645,16.54634999999996,165600.0
2024-11-01 22:14:00,521.22345,543.0,45.88171,98669.40615,53398.19536153483,21.776550000000043,166440.0
2024-11-01 22:28:00,517.0158,543.0,45.89699,99186.42194999999,53662.83978625068,25.984199999999987,167280.0
2024-11-01 22:44:00,567.67125,543.0,45.48336,99754.09319999999,54382.57987510848,24.671249999999986,168240.0
2024-11-01 23:00:00,544.3905,543.0,45.55453,100298.48369999998,54607.98085333838,1.3904999999999745,169200.0
2024-11-01 23:14:00,527.42985,543.0,45.55453,100825.91354999998,54895.142514091174,15.570150000000012,170040.0
2024-11-01 23:30:00,517.37415,543.0,45.55453,101343.28769999999,55176.82930171718,25.625850000000014,171000.0
2024-11-01 23:58:00,552.2853,543.0,45.26376,101895.57299999999,55773.8053866552,9.285300000000007,172680.0
2024-11-02 00:28:00,526.9151999999999,543.0,45.32938,102422.48819999999,55995.009318366836,16.084800000000087,174480.0
2024-11-02 00:44:00,565.5552,543.0,44.96767,102988.0434,56676.71990443122,22.555200000000013,175440.0
2024-11-02 01:00:00,543.57705,543.0,45.01677,103531.62045,56925.028994750544,0.5770499999999856,176400.0
2024-11-02 01:14:00,525.52485,543.0,45.06576,104057.1453,57163.00193625072,17.475149999999985,177240.0
2024-11-02 01:30:00,515.9805,543.0,45.09512,104573.12580000001,57415.74923273904,27.019499999999994,178200.0
2024-11-02 01:46:00,578.50695,543.0,44.92857,105151.63275,57908.507823773325,35.50694999999996,179160.0
2024-11-02 01:58:00,556.37505,543.0,44.98051,105708.0078,58160.006780720214,13.375049999999987,179880.0
2024-11-02 02:14:00,540.8824500000001,543.0,45.02814,106248.89025000001,58406.99119978366,2.1175499999999374,180840.0
2024-11-02 02:30:00,534.1443,543.0,45.04396,106783.03455000001,58683.727180511836,8.855699999999956,181800.0
2024-11-02 02:44:00,524.52015,543.0,45.06615,107307.55470000001,58948.17113756595,18.479850000000056,182640.0
2024-11-02 03:00:00,561.7212,543.0,44.96761,107869.27590000001,59363.04060346401,18.721199999999953,183600.0
2024-11-02 03:14:00,551.22885,543.0,44.99721,108420.50475000001,59634.30254458252,8.228849999999966,184440.0
2024-11-02 03:30:00,526.7664,543.0,45.05818,108947.27115,59857.61361014494,16.233600000000024,185400.0
2024-11-02 03:44:00,516.5907,543.0,45.08899,109463.86185,60107.71212683969,26.40930000000003,186240.0
2024-11-02 03:58:00,543.981,543.0,45.01851,110007.84285,60483.95111578846,0.9809999999999945,187080.0
2024-11-02 04:14:00,556.3128,543.0,44.97501,110564.15565,60837.91558999694,13.312800000000038,188040.0
2024-11-02 04:30:00,531.9856500000001,543.0,45.02785,111096.1413,61071.93743964795,11.014349999999922,189000.0
2024-11-02 04:44:00,528.4178999999999,543.0,45.04961,111624.5592,61338.130616180875,14.582100000000082,189840.0
2024-11-02 05:00:00,526.1571,543.0,45.06371,112150.7163,61611.44274364527,16.842899999999986,190800.0
2024-11-02 05:16:00,574.9390500000001,543.0,44.93193,112725.65535,62075.842796096746,31.939050000000066,191760.0
2024-11-02 05:30:00,560.3166,543.0,44.97598,113285.97195,62334.49586296239,17.316599999999994,192600.0
2024-11-02 05:44:00,539.2074,543.0,45.02998,113825.17935,62569.72385373087,3.792599999999993,193440.0
2024-11-02 05:58:00,527.78775,543.0,45.0579,114352.96710000001,62827.92153704911,15.21225000000004,194280.0
2024-11-02 06:14:00,520.59495,543.0,45.08462,114873.56205000001,63083.253119293295,22.40504999999996,195240.0
2024-11-02 06:30:00,514.467,543.0,45.09241,115388.02905000001,63356.785899854905,28.533000000000015,196200.0
2024-11-02 06:44:00,546.30135,543.0,44.99909,115934.3304,63764.936722406645,3.3013499999999567,197040.0
2024-11-02 07:00:00,529.2939,543.0,45.05429,116463.62430000001,63991.765263367524,13.706099999999992,198000.0
2024-11-02 07:16:00,515.89665,543.0,45.08435,116979.52095,64240.06429657868,27.103349999999978,198960.0
2024-11-02 07:28:00,508.6305,543.0,45.1101,117488.15145,64489.128842753555,34.369500000000016,199680.0
2024-11-02 07:44:00,525.948,543.0,45.35163,118014.09945000001,64492.78171960397,17.05200000000002,200640.0
2024-11-02 07:58:00,557.30745,543.0,45.26552,118571.4069,64899.44299539912,14.307450000000017,201480.0
2024-11-02 08:14:00,541.41255,543.0,45.30465,119112.81945,65149.17349304557,1.5874499999999898,202440.0
2024-11-02 08:30:00,525.24015,543.0,45.35168,119638.0596,65380.18965199871,17.75985000000003,203400.0
2024-11-02 08:44:00,507.51,543.0,45.39426,120145.56959999999,65606.37735729503,35.49000000000001,204240.0
2024-11-02 09:00:00,577.15215,543.0,45.2141,120722.72174999998,66139.02961523324,34.152150000000006,205200.0
2024-11-02 09:16:00,563.6433,543.0,45.24629,121286.36504999998,66408.78458901834,20.643299999999954,206160.0
2024-11-02 09:28:00,546.06225,543.0,45.3059,121832.42729999998,66635.14961988929,3.062249999999949,206880.0
2024-11-02 09:44:00,531.9393,543.0,45.33771,122364.36659999998,66887.16492755513,11.060699999999997,207840.0
2024-11-02 10:00:00,524.93505,543.0,45.37252,122889.30164999998,67131.3286809934,18.064949999999953,208800.0
2024-11-02 10:14:00,574.8268499999999,543.0,45.22085,123464.12849999998,67632.60014720773,31.826849999999922,209640.0
2024-11-02 10:30:00,557.26635,543.0,45.26654,124021.39484999998,67881.2005416668,14.266349999999989,210600.0
2024-11-02 10:44:00,543.99195,543.0,45.30425,124565.38679999998,68131.97255066098,0.9919499999999744,211440.0
2024-11-02 11:00:00,531.8451,543.0,45.33769,125097.23189999998,68381.03670259687,11.154899999999998,212400.0
2024-11-02 11:14:00,540.4089,543.0,45.30419,125637.64079999998,68718.52530045046,2.591099999999983,213240.0
2024-11-02 11:28:00,568.28385,543.0,45.22894,126205.92464999999,69124.32271360629,25.28385000000003,214080.0
2024-11-02 11:44:00,541.4364,543.0,45.3069,126747.36104999999,69322.06092643755,1.5635999999999513,215040.0
2024-11-02 12:00:00,530.9531999999999,543.0,45.33689,127278.31425,69574.28492462318,12.046800000000076,216000.0
2024-11-02 12:14:00,522.4092,543.0,45.35572,127800.72344999999,69835.78516404366,20.590799999999945,216840.0
2024-11-02 12:30:00,512.73915,543.0,45.38278,128313.46259999998,70081.24615785971,30.260850000000005,217800.0
2024-11-02 12:46:00,550.47975,543.0,45.3177,128863.94234999998,70465.76754765405,7.479749999999967,218760.0
2024-11-02 13:00:00,531.09375,543.0,45.33704,129395.03609999998,70731.15682532854,11.90625,219600.0
2024-11-02 13:14:00,525.95565,543.0,45.35075,129920.99174999999,71000.84758393688,17.04435000000001,220440.0
2024-11-02 13:28:00,500.63835,543.0,45.36779,130421.63009999998,71252.21884165521,42.36165,221280.0
2024-11-02 13:44:00,502.1853,543.0,45.41294,130923.81539999998,71467.46166668723,40.814700000000016,222240.0
2024-11-02 14:00:00,568.5550499999999,543.0,45.50518,131492.37045,71656.53059046068,25.555049999999937,223200.0
2024-11-02 14:14:00,539.75265,543.0,45.58588,132032.1231,71844.11790218172,3.247349999999983,224040.0
2024-11-02 14:30:00,519.654,543.0,45.63883,132551.7771,72056.69688735208,23.346000000000004,225000.0
2024-11-02 14:46:00,514.62195,543.0,45.64962,133066.39905,72322.0935359914,28.37805000000003,225960.0
2024-11-02 15:00:00,501.58215,543.0,45.68162,133567.9812,72551.96358654456,41.41784999999999,226800.0
2024-11-02 15:14:00,516.5412,543.0,45.92996,134084.52240000002,72499.55489548897,26.458799999999997,227640.0
2024-11-02 15:28:00,548.5835999999999,543.0,45.85574,134633.10600000003,72896.09895871564,5.583599999999933,228480.0
2024-11-02 15:44:00,530.73375,543.0,45.89848,135163.83975000004,73125.69179511422,12.266250000000014,229440.0
2024-11-02 16:00:00,510.4455,543.0,45.94624,135674.28525000004,73337.05253075041,32.55450000000002,230400.0
2024-11-02 16:14:00,500.14815,543.0,46.24292,136174.43340000004,73203.39910238475,42.85185000000001,231240.0
2024-11-02 16:30:00,485.628,543.0,48.36282,136660.06140000004,70567.40189322853,57.372000000000014,232200.0
2024-11-02 16:46:00,560.2689,543.0,50.1375,137220.33030000003,68421.48719583752,17.26890000000003,233160.0
2024-11-02 16:58:00,552.51585,543.0,50.14921,137772.84615000003,68680.8522112596,9.51585,233880.0
2024-11-02 17:14:00,539.8580999999999,543.0,50.17553,138312.70425000004,68913.57183522999,3.141900000000078,234840.0
2024-11-02 17:30:00,523.74045,543.0,50.21736,138836.44470000005,69116.44745380011,19.25954999999999,235800.0
2024-11-02 17:44:00,495.49305,543.0,50.29267,139331.93775000004,69258.18609278709,47.50695000000002,236640.0
2024-11-02 18:00:00,507.92055,543.0,50.29652,139839.85830000005,69505.27600216886,35.07945000000001,237600.0
2024-11-02 18:16:00,568.5436500000001,543.0,50.09626,140408.40195000006,70069.04384728296,25.54365000000007,238560.0
2024-11-02 18:30:00,553.0734,543.0,50.13675,140961.47535000005,70287.97285745891,10.073399999999992,239400.0
2024-11-02 18:44:00,537.85155,543.0,50.18803,141499.32690000004,70483.60226562996,5.148450000000025,240240.0
2024-11-02 18:58:00,525.738,543.0,50.20852,142025.06490000006,70716.38178467055,17.261999999999944,241080.0
2024-11-02 19:14:00,506.49525,543.0,50.28222,142531.56015000006,70863.5275059447,36.50475,242040.0
2024-11-02 19:30:00,514.3776,543.0,50.51699,143045.93775000007,70783.43568142632,28.62239999999997,243000.0
2024-11-02 19:44:00,497.23665000000005,543.0,51.11037,143543.17440000008,70177.72685441475,45.763349999999946,243840.0
2024-11-02 20:00:00,501.2682,543.0,51.68842,144044.44260000007,69590.1461222531,41.73180000000002,244800.0
2024-11-02 20:16:00,520.9524,543.0,52.22967,144565.39500000008,69059.36625730354,22.04759999999999,245760.0
2024-11-02 20:30:00,524.45835,543.0,52.2105,145089.85335000008,69337.71546669828,18.541650000000004,246600.0
2024-11-02 20:44:00,499.6032,543.0,52.83322,145589.4565500001,68669.85867413414,43.396799999999985,247440.0
2024-11-02 20:58:00,498.40695,543.0,53.74363,146087.8635000001,67574.94266565499,44.593050000000005,248280.0
2024-11-02 21:14:00,487.77165,543.0,54.63677,146575.6351500001,66491.4424970554,55.22834999999998,249240.0
2024-11-02 21:30:00,518.24325,543.0,57.22775,147093.8784000001,62915.36140394404,24.75675000000001,250200.0
2024-11-02 21:44:00,580.88805,543.0,45.54921,147674.7664500001,80410.07696268,37.88805000000002,251040.0
2024-11-02 22:00:00,549.7782,543.0,45.12656,148224.5446500001,81335.90657379103,6.77819999999997,252000.0
2024-11-02 22:16:00,507.6726,543.0,45.23597,148732.2172500001,81451.75607445523,35.32740000000001,252960.0
2024-11-02 22:28:00,501.94125,543.0,45.25837,149234.1585000001,81693.21087968363,41.058749999999975,253680.0
2024-11-02 22:44:00,507.2016,543.0,45.24811,149741.3601000001,81986.22476645595,35.798400000000015,254640.0
2024-11-02 22:58:00,500.25945,543.0,45.54603,150241.61955000012,81812.5264372712,42.740549999999985,255480.0
2024-11-02 23:14:00,504.86085,543.0,45.53405,150746.48040000012,82105.50264142388,38.13914999999997,256440.0
2024-11-02 23:30:00,507.8889,543.0,45.53033,151254.3693000001,82387.75581829138,35.11110000000002,257400.0
2024-11-02 23:44:00,516.50805,543.0,45.50951,151770.8773500001,82700.69474531407,26.491949999999974,258240.0
2024-11-03 00:00:00,505.67115,543.0,50.57343,152276.54850000012,75265.07483793651,37.32884999999999,259200.0
2024-11-03 00:16:00,510.8148,543.0,50.56116,152787.3633000001,75536.30008210576,32.18520000000001,260160.0
2024-11-03 00:28:00,524.3298,543.0,50.52049,153311.69310000012,75857.87451858386,18.670200000000023,260880.0
2024-11-03 00:44:00,522.5394,543.0,50.52399,153834.23250000013,76111.04025512331,20.4606,261840.0
2024-11-03 01:00:00,549.9671999999999,543.0,50.45528,154384.19970000014,76489.2194656059,6.967199999999934,262800.0
2024-11-03 01:14:00,497.6523,543.0,50.58996,154881.85200000013,76527.18502594087,45.347699999999975,263640.0
2024-11-03 01:30:00,509.36385,543.0,50.8644,155391.21585000012,76352.40625519266,33.63614999999999,264600.0
2024-11-03 01:46:00,525.8451,543.0,50.8181,155917.06095000013,76682.97299936811,17.154899999999998,265560.0
2024-11-03 02:00:00,513.35145,543.0,51.14571,156430.41240000012,76422.96732209202,29.64855,266400.0
2024-11-03 02:14:00,492.6243,543.0,51.18159,156923.0367000001,76607.33144065653,50.375699999999995,267240.0
2024-11-03 02:30:00,562.9053,543.0,50.99078,157485.94200000013,77182.63178385246,19.90530000000001,268200.0
2024-11-03 02:46:00,544.40505,543.0,51.04427,158030.34705000013,77364.91001986102,1.4050499999999602,269160.0
2024-11-03 03:00:00,521.73825,543.0,51.10007,158552.08530000012,77531.85872524035,21.261750000000006,270000.0
2024-11-03 03:14:00,514.9713,543.0,51.14229,159067.05660000013,77716.52121916391,28.028699999999958,270840.0
2024-11-03 03:32:00,522.64545,543.0,51.09397,159589.70205000014,78048.98756148368,20.354550000000017,271920.0
2024-11-03 03:44:00,581.5911,543.0,45.88813,160171.29315000013,86671.68192664697,38.59109999999998,272640.0
2024-11-03 04:00:00,554.27145,543.0,45.96754,160725.56460000013,86843.97640226923,11.271449999999959,273600.0
2024-11-03 04:14:00,534.3756000000001,543.0,46.0138,161259.94020000013,87058.11383625247,8.624399999999923,274440.0
2024-11-03 04:30:00,528.25665,543.0,46.0332,161788.19685000012,87311.91261764587,14.743349999999964,275400.0
2024-11-03 04:46:00,605.02305,543.0,45.28056,162393.2199000001,88860.66052724862,62.02305000000001,276360.0
2024-11-03 04:58:00,542.7177,543.0,45.44196,162935.93760000012,88894.6540101831,0.2822999999999638,277080.0
2024-11-03 05:14:00,524.24145,543.0,45.49268,163460.17905000012,89097.76286735653,18.758550000000014,278040.0
2024-11-03 05:30:00,519.4368,543.0,45.50717,163979.61585000012,89357.13329979363,23.56320000000005,279000.0
2024-11-03 05:44:00,585.7167,543.0,45.32781,164565.3325500001,89971.4712858679,42.716699999999946,279840.0
2024-11-03 06:00:00,557.8485000000001,543.0,45.4026,165123.1810500001,90152.96365059275,14.848500000000058,280800.0
2024-11-03 06:14:00,534.3571499999999,543.0,45.46075,165657.5382000001,90348.37890274354,8.642850000000067,281640.0
2024-11-03 06:30:00,531.0645,543.0,45.53638,166188.6027000001,90512.3290578378,11.935500000000047,282600.0
2024-11-03 06:44:00,589.52355,543.0,45.3154,166778.12625000012,91201.95122730757,46.52355,283440.0
2024-11-03 06:58:00,561.3579,543.0,45.39259,167339.48415000012,91379.75820167558,18.357899999999972,284280.0
2024-11-03 07:14:00,541.30125,543.0,45.44843,167880.7854000001,91581.60416403082,1.6987500000000182,285240.0
2024-11-03 07:30:00,534.99135,543.0,45.47672,168415.7767500001,91825.80552157745,8.008649999999989,286200.0
2024-11-03 07:44:00,571.4022,543.0,45.33365,168987.17895000012,92379.12269993339,28.402199999999993,287040.0
2024-11-03 08:00:00,556.68495,543.0,45.4007,169543.8639000001,92569.76288235275,13.684949999999958,288000.0
2024-11-03 08:16:00,543.6246,543.0,45.44448,170087.48850000012,92792.11380611527,0.6245999999999867,288960.0
2024-11-03 08:30:00,546.91455,543.0,45.44075,170634.4030500001,93096.85054605718,3.914549999999963,289800.0
2024-11-03 08:44:00,555.4002,543.0,45.40921,171189.8032500001,93453.86599362074,12.40020000000004,290640.0
2024-11-03 08:58:00,570.1203,543.0,45.10887,171759.92355000012,94280.96292373117,27.120300000000043,291480.0
2024-11-03 09:14:00,561.5613,543.0,45.11847,172321.48485000012,94572.66740439828,18.56129999999996,292440.0
2024-11-03 09:30:00,543.1306500000001,543.0,45.17143,172864.61550000013,94779.19671464842,0.13065000000005966,293400.0
2024-11-03 09:44:00,546.5459999999999,543.0,45.16,173411.16150000013,95098.68096660008,3.5459999999999354,294240.0
2024-11-03 10:00:00,519.6225000000001,543.0,45.2325,173930.78400000013,95257.54212720005,23.37749999999994,295200.0
2024-11-03 10:16:00,554.66355,543.0,45.13925,174485.44755000013,95724.0251667867,11.663549999999987,296160.0
2024-11-03 10:30:00,531.1629,543.0,45.20107,175016.61045000012,95907.22984886826,11.837099999999964,297000.0
2024-11-03 10:44:00,518.9598000000001,543.0,45.23412,175535.57025000014,96133.59976043078,24.040199999999913,297840.0
2024-11-03 10:58:00,517.3344,543.0,45.24451,176052.90465000013,96398.63060034034,25.66560000000004,298680.0
2024-11-03 11:14:00,519.0168,543.0,45.24604,176571.92145000014,96680.1192419645,23.98320000000001,299640.0
2024-11-03 11:30:00,564.4935,543.0,45.11248,177136.41495000015,97225.78518296432,21.49350000000004,300600.0
2024-11-03 11:44:00,540.0471,543.0,45.17698,177676.46205000015,97407.60232496398,2.9528999999999996,301440.0
2024-11-03 12:00:00,524.14995,543.0,45.22112,178200.61200000014,97616.29940674567,18.85005000000001,302400.0
2024-11-03 12:16:00,522.77955,543.0,45.22491,178723.39155000015,97895.89857256498,20.220450000000028,303360.0
2024-11-03 12:28:00,559.5627000000001,543.0,45.12011,179282.95425000016,98390.2880811504,16.562700000000063,304080.0
2024-11-03 12:44:00,544.91715,543.0,45.16753,179827.87140000015,98604.06363704366,1.9171499999999924,305040.0
2024-11-03 13:00:00,522.22695,543.0,45.22787,180350.09835000016,98781.59032338993,20.773050000000012,306000.0
2024-11-03 13:14:00,521.2599,543.0,45.22885,180871.35825000016,99065.32293414495,21.740099999999984,306840.0
2024-11-03 13:30:00,518.49555,543.0,45.23884,181389.85380000016,99331.18806318416,24.50445000000002,307800.0
2024-11-03 13:44:00,560.9068500000001,543.0,45.11899,181950.76065000016,99856.41514740266,17.906850000000077,308640.0
2024-11-03 14:00:00,542.3235,543.0,45.17493,182493.08415000016,100051.96113039649,0.6765000000000327,309600.0
2024-11-03 14:14:00,527.44455,543.0,45.2101,183020.52870000014,100276.76465420138,15.55544999999995,310440.0
2024-11-03 14:28:00,522.6012000000001,543.0,45.22361,183543.12990000015,100538.30065223068,20.398799999999937,311280.0
2024-11-03 14:44:00,538.7664,543.0,45.18758,184081.89630000014,100899.74214392052,4.233600000000024,312240.0
2024-11-03 15:00:00,536.61825,543.0,45.18509,184618.51455000014,101198.47259391949,6.381750000000011,313200.0
2024-11-03 15:14:00,524.2167,543.0,45.22223,185142.73125000013,101417.05949584318,18.783300000000054,314040.0
2024-11-03 15:30:00,512.3430000000001,543.0,45.2546,185655.07425000012,101637.61301845954,30.656999999999925,315000.0
2024-11-03 15:46:00,497.75700000000006,543.0,45.90023,186152.83125000013,100708.25355473818,45.24299999999994,315960.0
2024-11-03 16:00:00,496.20435,543.0,46.9798,186649.03560000012,98961.69197319128,46.79565000000002,316800.0
2024-11-03 16:14:00,530.4126,543.0,47.1743,187179.44820000013,98878.85376778747,12.587400000000002,317640.0
2024-11-03 16:28:00,518.8506,543.0,47.19814,187698.29880000014,99108.19295475775,24.149400000000014,318480.0
2024-11-03 16:44:00,505.70025,543.0,47.26424,188203.99905000013,99250.80924941035,37.29975000000002,319440.0
2024-11-03 17:00:00,500.4009,543.0,47.52187,188704.39995000014,99028.540321481,42.59910000000002,320400.0
2024-11-03 17:14:00,488.8578,543.0,47.80735,189193.25775000014,98744.97484105543,54.1422,321240.0
2024-11-03 17:30:00,547.63755,543.0,47.94075,189740.89530000015,98777.68703646533,4.637550000000033,322200.0
2024-11-03 17:46:00,532.3408499999999,543.0,47.98154,190273.23615000016,98977.20723739338,10.659150000000068,323160.0
2024-11-03 17:58:00,516.8068499999999,543.0,48.02772,190790.04300000015,99157.93536008049,26.19315000000006,323880.0
2024-11-03 18:14:00,497.56995,543.0,48.34171,191287.61295000016,98815.90983178862,45.430049999999994,324840.0
2024-11-03 18:28:00,505.4586,543.0,48.59604,191793.07155000017,98589.23378233347,37.54140000000001,325680.0
2024-11-03 18:44:00,548.3124,543.0,48.48431,192341.38395000016,99085.99109739184,5.312400000000025,326640.0
2024-11-03 19:00:00,532.50135,543.0,48.52655,192873.88530000017,99278.84291295294,10.498649999999998,327600.0
2024-11-03 19:14:00,518.26845,543.0,48.5619,193392.15375000017,99477.24943807884,24.73154999999997,328440.0
2024-11-03 19:30:00,515.5797,543.0,48.56906,193907.73345000017,99728.5700460295,27.420299999999997,329400.0
2024-11-03 19:46:00,504.8571,543.0,48.59532,194412.59055000017,99937.17005193784,38.1429,330360.0
2024-11-03 19:58:00,561.8703,543.0,48.44236,194974.46085000018,100524.23061698404,18.870300000000043,331080.0
2024-11-03 20:14:00,536.87775,543.0,48.5289,195511.3386000002,100631.83660214469,6.122250000000008,332040.0
2024-11-03 20:30:00,530.30325,543.0,48.53143,196041.6418500002,100899.82966471664,12.696749999999952,333000.0
2024-11-03 20:44:00,528.14445,543.0,48.50299,196569.78630000018,101227.56250788971,14.855549999999994,333840.0
2024-11-03 21:00:00,534.6026999999999,543.0,48.52103,197104.38900000017,101467.30928199337,8.397300000000087,334800.0
2024-11-03 21:14:00,555.1104,543.0,48.46711,197659.49940000018,101859.65240035277,12.110400000000027,335640.0
2024-11-03 21:30:00,552.0495000000001,543.0,48.47992,198211.54890000017,102118.7485625192,9.04950000000008,336600.0
2024-11-03 21:44:00,542.04045,543.0,48.50512,198753.58935000017,102347.92233147536,0.9595500000000357,337440.0
2024-11-03 21:58:00,536.2068,543.0,48.51185,199289.79615000018,102610.62917640632,6.793199999999956,338280.0
2024-11-03 22:14:00,584.32335,543.0,48.38885,199874.11950000018,103157.33162632435,41.323350000000005,339240.0
2024-11-03 22:30:00,564.80535,543.0,48.43473,200438.92485000018,103356.87278399969,21.805349999999976,340200.0
2024-11-03 22:44:00,551.2857,543.0,48.47052,200990.2105500002,103569.21034732023,8.28570000000002,341040.0
2024-11-03 23:00:00,535.2543000000001,543.0,48.50866,201525.4648500002,103768.16229249409,7.7456999999999425,342000.0
2024-11-03 23:16:00,563.7723000000001,543.0,48.44466,202089.2371500002,104187.79331608891,20.772300000000087,342960.0
2024-11-03 23:30:00,567.93975,543.0,48.43311,202657.1769000002,104504.0034891285,24.939750000000004,343800.0
2024-11-03 23:44:00,561.00645,543.0,48.46515,203218.18335000018,104728.18596214756,18.006449999999973,344640.0
2024-11-03 23:58:00,544.85625,543.0,48.48067,203763.0396000002,104977.35278955477,1.8562500000000455,345480.0
2024-11-04 00:14:00,539.5203,543.0,48.50217,204302.5599000002,105211.38498295027,3.47969999999998,346440.0
2024-11-04 00:30:00,596.784,543.0,48.35249,204899.3439000002,105825.409130687,53.78399999999999,347400.0
2024-11-04 00:44:00,567.38595,543.0,48.41474,205466.7298500002,105990.54680662022,24.38594999999998,348240.0
2024-11-04 01:00:00,561.9126,543.0,48.44249,206028.64245000022,106223.2379340231,18.912599999999998,349200.0
2024-11-04 01:16:00,569.5119,543.0,48.41862,206598.15435000023,106566.17906826017,26.51189999999997,350160.0
2024-11-04 01:28:00,557.5477500000001,543.0,48.44144,207155.70210000023,106806.49696064988,14.547750000000065,350880.0
2024-11-04 01:44:00,584.1561,543.0,48.37926,207739.85820000022,107236.85207779078,41.15610000000004,351840.0
2024-11-04 01:58:00,563.2426499999999,543.0,48.44101,208303.10085000022,107398.97493694152,20.242649999999912,352680.0
2024-11-04 02:14:00,551.2412999999999,543.0,48.47587,208854.34215000022,107610.3827600109,8.24129999999991,353640.0
2024-11-04 02:30:00,543.4281,543.0,48.49706,209397.7702500002,107846.00797319545,0.42809999999997217,354600.0
2024-11-04 02:44:00,533.8845,543.0,48.51442,209931.6547500002,108084.53005163514,9.115499999999997,355440.0
2024-11-04 03:00:00,576.83265,543.0,45.24881,210508.4874000002,115255.90190250015,33.832649999999944,356400.0
2024-11-04 03:16:00,556.1961,543.0,45.30029,211064.6835000002,115451.76978691795,13.196100000000001,357360.0
2024-11-04 03:28:00,545.4925499999999,543.0,45.33076,211610.17605000018,115685.67500919712,2.4925499999999374,358080.0
2024-11-04 03:44:00,531.6552,543.0,45.36765,212141.8312500002,115898.06774490947,11.344799999999964,359040.0
2024-11-04 04:00:00,517.7647499999999,543.0,45.40186,212659.5960000002,116108.18394751452,25.235250000000065,360000.0
2024-11-04 04:14:00,570.3326999999999,543.0,45.26251,213229.9287000002,116716.71089916973,27.33269999999993,360840.0
2024-11-04 04:30:00,552.11595,543.0,45.31102,213782.0446500002,116915.21964222967,9.115949999999998,361800.0
2024-11-04 04:44:00,544.66305,543.0,45.32977,214326.7077000002,117172.90405101782,1.6630499999999984,362640.0
2024-11-04 05:00:00,532.62255,543.0,45.37751,214859.3302500002,117361.51617987333,10.377449999999953,363600.0
2024-11-04 05:14:00,513.7419,543.0,45.41756,215373.0721500002,117555.87788243056,29.258100000000013,364440.0
2024-11-04 05:28:00,571.7592,543.0,45.25517,215944.8313500002,118218.63081634432,28.759199999999964,365280.0
2024-11-04 05:44:00,555.9066,543.0,45.3014,216500.73795000018,118422.8726483188,12.906600000000026,366240.0
2024-11-04 06:00:00,553.9974,543.0,45.30816,217054.73535000018,118711.22857004554,10.99739999999997,367200.0
2024-11-04 06:14:00,539.79615,543.0,45.3447,217594.5315000002,118926.94397491959,3.2038499999999885,368040.0
2024-11-04 06:30:00,527.1107999999999,543.0,45.3951,218121.64230000018,119105.1046562728,15.889200000000073,369000.0
2024-11-04 06:46:00,588.70065,543.0,45.21645,218710.3429500002,119817.29008518481,45.700649999999996,369960.0
2024-11-04 07:00:00,563.6433,543.0,45.28114,219273.9862500002,119984.22555255683,20.643299999999954,370800.0
2024-11-04 07:16:00,562.3632,543.0,45.28387,219836.34945000018,120285.94275231638,19.363200000000006,371760.0
2024-11-04 07:28:00,550.80135,543.0,45.31602,220387.15080000018,120516.46546604193,7.801349999999957,372480.0
2024-11-04 07:44:00,527.6949,543.0,45.39014,220914.84570000018,120641.28795598612,15.305100000000039,373440.0
2024-11-04 08:00:00,587.9343,543.0,45.21858,221502.78000000017,121342.36822347608,44.93430000000001,374400.0
2024-11-04 08:14:00,567.7117499999999,543.0,45.2751,222070.49175000016,121527.85453969584,24.711749999999938,375240.0
2024-11-04 08:30:00,539.1461999999999,543.0,45.34265,222609.63795000015,121672.52894806441,3.853800000000092,376200.0
2024-11-04 08:46:00,515.0935499999999,543.0,45.40733,223124.73150000014,121809.74835618112,27.906450000000063,377160.0
2024-11-04 08:58:00,476.38005,543.0,45.76357,223601.11155000015,121273.26034503775,66.61995000000002,377880.0
2024-11-04 09:14:00,510.11085,543.0,50.4033,224111.22240000014,111151.77064006086,32.88914999999997,378840.0
2024-11-04 09:28:00,496.78365,543.0,50.43511,224608.00605000014,111326.7111298759,46.21634999999998,379680.0
2024-11-04 09:44:00,507.57915,543.0,50.72245,225115.58520000015,110931.44505472267,35.42084999999997,380640.0
2024-11-04 10:00:00,505.88805,543.0,51.02652,225621.47325000016,110494.68707779418,37.11194999999998,381600.0
2024-11-04 10:14:00,611.36115,543.0,48.7542,226232.83440000017,115934.8258509553,68.36114999999995,382440.0
2024-11-04 10:30:00,564.3642,543.0,45.10574,226797.19860000018,124498.64387220044,21.364199999999983,383400.0
2024-11-04 10:46:00,550.2843,543.0,45.14709,227347.48290000018,124706.71018240249,7.28430000000003,384360.0
2024-11-04 10:58:00,533.3601,543.0,45.19249,227880.84300000017,124895.81581530937,9.639900000000011,385080.0
2024-11-04 11:14:00,540.56385,543.0,45.17329,228421.40685000017,125235.94231156973,2.436149999999998,386040.0
2024-11-04 11:30:00,540.57285,543.0,45.17775,228961.97970000017,125522.10891608334,2.4271499999999833,387000.0
2024-11-04 11:44:00,563.6365499999999,543.0,45.11083,229525.61625000017,125984.70569701021,20.636549999999943,387840.0
2024-11-04 12:00:00,529.53075,543.0,45.20321,230055.14700000017,126062.83578578138,13.469249999999988,388800.0
2024-11-04 12:14:00,526.57365,543.0,45.21619,230581.72065000018,126321.45173562689,16.426349999999957,389640.0
2024-11-04 12:30:00,520.9857,543.0,45.21997,231102.70635000017,126598.131869342,22.01430000000005,390600.0
2024-11-04 12:44:00,521.27715,543.0,45.22414,231623.98350000018,126874.02892838322,21.722849999999994,391440.0
2024-11-04 12:58:00,547.4149500000001,543.0,45.1476,232171.39845000018,127351.5841633879,4.41495000000009,392280.0
2024-11-04 13:14:00,528.98685,543.0,45.21089,232700.38530000017,127494.47007244092,14.013149999999996,393240.0
2024-11-04 13:30:00,527.2030500000001,543.0,45.21436,233227.58835000018,127775.22693411304,15.796949999999924,394200.0
2024-11-04 13:44:00,514.94625,543.0,45.24397,233742.5346000002,127988.13236833649,28.053750000000036,395040.0
2024-11-04 14:00:00,510.7053,543.0,45.25291,234253.2399000002,128246.83207596901,32.29469999999998,396000.0
2024-11-04 14:16:00,555.07185,543.0,45.13929,234808.3117500002,128817.50696506351,12.07185000000004,396960.0
2024-11-04 14:30:00,531.0708,543.0,45.19434,235339.38255000018,128979.30184645244,11.929200000000037,397800.0
2024-11-04 14:44:00,528.15855,543.0,45.21165,235867.54110000018,129227.93395426194,14.841450000000009,398640.0
2024-11-04 14:58:00,521.6349,543.0,45.21252,236389.17600000018,129511.6725231649,21.365099999999984,399480.0
2024-11-04 15:14:00,521.5425,543.0,45.21947,236910.7185000002,129780.94722110817,21.457499999999982,400440.0
2024-11-04 15:30:00,550.9512,543.0,45.14441,237461.6697000002,130260.99993778634,7.951199999999972,401400.0
2024-11-04 15:44:00,542.31825,543.0,45.16341,238003.9879500002,130513.27105579103,0.6817499999999654,402240.0
2024-11-04 16:00:00,528.3281999999999,543.0,45.21901,238532.3161500002,130670.36425690001,14.671800000000076,403200.0
2024-11-04 16:16:00,523.3563,543.0,45.22744,239055.67245000022,130936.91162607982,19.643699999999967,404160.0
2024-11-04 16:28:00,537.32325,543.0,45.18265,239592.9957000002,131338.53102835405,5.67674999999997,404880.0
2024-11-04 16:44:00,540.45135,543.0,45.17131,240133.4470500002,131662.02326935876,2.5486499999999523,405840.0
2024-11-04 16:58:00,532.96635,543.0,45.18427,240666.4134000002,131923.0513700279,10.033649999999966,406680.0
2024-11-04 17:14:00,529.0275,543.0,45.20543,241195.4409000002,132162.00470075922,13.972499999999968,407640.0
2024-11-04 17:30:00,515.9037,543.0,45.23374,241711.3446000002,132376.26343313206,27.096300000000042,408600.0
2024-11-04 17:44:00,493.59495,543.0,45.25274,242204.93955000018,132600.56798828143,49.40505000000002,409440.0
2024-11-04 18:00:00,567.53925,543.0,45.09518,242772.4788000002,133293.79249467826,24.539250000000038,410400.0
2024-11-04 18:16:00,546.09915,543.0,45.15347,243318.57795000018,133451.79685092022,3.0991500000000087,411360.0
2024-11-04 18:28:00,533.0379,543.0,45.20422,243851.61585000018,133620.39494761123,9.962099999999964,412080.0
2024-11-04 18:44:00,523.5846,543.0,45.20886,244375.20045000018,133895.95820384024,19.415399999999977,413040.0
2024-11-04 19:00:00,515.3565000000001,543.0,45.29563,244890.55695000017,133965.8363689888,27.643499999999904,414000.0
2024-11-04 19:14:00,583.25295,543.0,45.08025,245473.80990000017,134813.60271255535,40.252950000000055,414840.0
2024-11-04 19:30:00,551.12355,543.0,45.14512,246024.93345000016,134956.68201407747,8.123550000000023,415800.0
2024-11-04 19:44:00,550.28505,543.0,45.14655,246575.21850000016,135255.01419228833,7.285049999999956,416640.0
2024-11-04 20:00:00,530.2982999999999,543.0,45.20064,247105.51680000016,135412.2417310926,12.701700000000073,417600.0
2024-11-04 20:14:00,518.63625,543.0,45.23117,247624.15305000017,135620.8514228944,24.363749999999982,418440.0
2024-11-04 20:28:00,589.72545,543.0,45.04521,248213.87850000017,136405.41568053028,46.72545000000002,419280.0
2024-11-04 20:44:00,562.4709,543.0,45.11764,248776.34940000015,136534.33167256592,19.47090000000003,420240.0
2024-11-04 21:00:00,559.47705,543.0,45.12328,249335.82645000014,136827.3233406525,16.477049999999963,421200.0
2024-11-04 21:14:00,540.40245,543.0,45.20755,249876.22890000013,136913.30778191812,2.5975499999999556,422040.0
2024-11-04 21:30:00,530.1234,543.0,45.20028,250406.35230000014,137221.97992261362,12.876600000000053,423000.0
2024-11-04 21:46:00,576.01125,543.0,44.80495,250982.36355000015,138529.84105260437,33.01125000000002,423960.0
2024-11-04 22:00:00,489.81315,543.0,45.03023,251472.17670000016,138233.67714598367,53.18684999999999,424800.0
2024-11-04 22:14:00,507.7683,543.0,50.65321,251979.94500000015,124344.01430126556,35.23169999999999,425640.0
2024-11-04 22:28:00,505.84005,543.0,51.25191,252485.78505000015,123081.99773338062,37.15994999999998,426480.0
2024-11-04 22:44:00,503.16975,543.0,51.84295,252988.95480000015,121832.01745751347,39.83024999999998,427440.0
2024-11-04 23:00:00,538.332,543.0,51.7461,253527.28680000015,122336.80344518529,4.668000000000006,428400.0
2024-11-04 23:14:00,547.86165,543.0,51.72191,254075.14845000015,122662.62883632467,4.861650000000054,429240.0
2024-11-04 23:30:00,555.7941000000001,543.0,51.70028,254630.94255000015,122986.03228501094,12.794100000000071,430200.0
2024-11-04 23:46:00,533.712,543.0,51.76292,255164.65455000015,123083.97854700721,9.288000000000011,431160.0
2024-11-04 23:58:00,517.0905,543.0,51.79668,255681.74505000014,123247.08974803571,25.90949999999998,431880.0
2024-11-05 00:14:00,551.1549,543.0,51.71643,256232.89995000014,123718.39161038828,8.154899999999998,432840.0
2024-11-05 00:28:00,523.24605,543.0,46.74237,256756.14600000012,136742.23823893987,19.75395000000003,433680.0
2024-11-05 00:44:00,482.08395,543.0,47.69152,257238.22995000012,134557.40806574983,60.916049999999984,434640.0
2024-11-05 01:00:00,505.6752,543.0,52.89703,257743.90515000012,121405.034319633,37.32479999999998,435600.0
2024-11-05 01:14:00,568.78305,543.0,52.72753,258312.68820000012,122110.7880355386,25.783050000000003,436440.0
2024-11-05 01:30:00,583.9097999999999,543.0,52.68908,258896.59800000011,122486.36236250166,40.909799999999905,437400.0
2024-11-05 01:46:00,594.2727,543.0,46.93943,259490.87070000012,137687.33509138305,51.272699999999986,438360.0
2024-11-05 01:58:00,560.91975,543.0,45.66235,260051.79045000012,141306.03171345446,17.919750000000022,439080.0
2024-11-05 02:14:00,555.5745,543.0,45.68824,260607.3649500001,141540.44659396817,12.574499999999944,440040.0
2024-11-05 02:30:00,539.5582499999999,543.0,45.73547,261146.9232000001,141710.15048394102,3.44175000000007,441000.0
2024-11-05 02:44:00,528.7377,543.0,45.74623,261675.6609000001,141968.911210666,14.262299999999982,441840.0
2024-11-05 03:00:00,528.399,543.0,45.7575,262204.0599000001,142226.03719125755,14.600999999999999,442800.0
2024-11-05 03:14:00,585.7534499999999,543.0,45.61111,262789.8133500001,142928.4625141369,42.75344999999993,443640.0
2024-11-05 03:30:00,549.94245,543.0,45.43287,263339.7558000001,143696.94688906858,6.942450000000008,444600.0
2024-11-05 03:44:00,534.4150500000001,543.0,45.47546,263874.1708500001,143876.17783477664,8.584949999999935,445440.0
2024-11-05 03:58:00,518.61075,543.0,45.51014,264392.7816000001,144067.2565439458,24.389249999999947,446280.0
2024-11-05 04:14:00,506.5146,543.0,45.53544,264899.2962000001,144276.23611842675,36.48540000000003,447240.0
2024-11-05 04:30:00,498.28485,543.0,45.85441,265397.5810500001,143701.08610525075,44.715149999999994,448200.0
2024-11-05 04:44:00,546.8034,543.0,45.72582,265944.38445000007,144339.13391628503,3.8034000000000106,449040.0
2024-11-05 05:00:00,530.63055,543.0,45.76952,266475.0150000001,144510.679714572,12.369450000000029,450000.0
2024-11-05 05:16:00,519.28545,543.0,45.80178,266994.3004500001,144706.15834535204,23.71455000000003,450960.0
2024-11-05 05:30:00,503.05395,543.0,45.84323,267497.35440000007,144867.92697849293,39.946050000000014,451800.0
2024-11-05 05:44:00,495.6801,543.0,48.12525,267993.03450000007,139020.71666428878,47.31990000000002,452640.0
2024-11-05 06:00:00,488.36625,543.0,50.5652,268481.4007500001,132723.24349796106,54.63375000000002,453600.0
2024-11-05 06:14:00,588.21375,543.0,47.30533,269069.6145000001,141785.34543104723,45.213750000000005,454440.0
2024-11-05 06:30:00,544.79745,543.0,47.41785,269614.4119500001,141769.05451316695,1.7974500000000262,455400.0
2024-11-05 06:44:00,517.77855,543.0,47.46509,270132.1905000001,141913.7031602036,25.221450000000004,456240.0
2024-11-05 07:00:00,512.23125,543.0,47.49937,270644.4217500001,142090.0264786071,30.768749999999955,457200.0
2024-11-05 07:16:00,506.30445,543.0,47.5257,271150.7262000001,142284.44551836664,36.695550000000026,458160.0
2024-11-05 07:28:00,511.42935,543.0,47.50406,271662.1555500001,142611.6021802347,31.57065,458880.0
2024-11-05 07:44:00,557.16135,543.0,47.37489,272219.3169000001,143255.71495987364,14.16134999999997,459840.0
2024-11-05 07:58:00,536.11305,543.0,47.43889,272755.4299500001,143363.2815669925,6.886949999999956,460680.0
2024-11-05 08:14:00,520.4514,543.0,47.48595,273275.8813500001,143508.23297007973,22.548599999999965,461640.0
2024-11-05 08:30:00,507.80505,543.0,47.5148,273783.6864000001,143695.91537441287,35.194950000000006,462600.0
2024-11-05 08:44:00,495.7305,543.0,48.37986,274279.4169000001,141583.4189949637,47.269499999999994,463440.0
2024-11-05 09:00:00,576.6171,543.0,48.74702,274856.0340000001,140871.90813481327,33.61710000000005,464400.0
2024-11-05 09:16:00,532.6251,543.0,48.85725,275388.6591000001,140841.33345186527,10.374900000000025,465360.0
2024-11-05 09:28:00,524.44455,543.0,48.87698,275913.1036500001,141055.1111616103,18.55544999999995,466080.0
2024-11-05 09:44:00,490.25805,543.0,48.96925,276403.3617000001,141050.7085007228,52.741949999999974,467040.0
2024-11-05 10:00:00,518.08785,543.0,51.42574,276921.44955000014,134512.5449001859,24.912149999999997,468000.0
2024-11-05 10:14:00,541.93245,543.0,51.36011,277463.38200000016,134957.88379507986,1.067549999999983,468840.0
2024-11-05 10:30:00,544.9845,543.0,46.46827,278008.3665000002,148822.68813219055,1.9845000000000255,469800.0
2024-11-05 10:44:00,536.51445,543.0,46.48176,278544.8809500002,149072.3178945354,6.485549999999989,470640.0
2024-11-05 11:00:00,509.4177,543.0,46.56682,279054.2986500002,149107.5856953922,33.582299999999975,471600.0
2024-11-05 11:14:00,494.7261,543.0,47.46842,279549.0247500002,146851.51957576617,48.273900000000026,472440.0
2024-11-05 11:28:00,496.7025,543.0,49.16146,280045.72725000023,142371.1590662823,46.297500000000014,473280.0
2024-11-05 11:44:00,560.58045,543.0,48.97578,280606.30770000024,143177.17977472505,17.58045000000004,474240.0
2024-11-05 12:00:00,531.96525,543.0,49.05726,281138.27295000025,143219.539429409,11.034750000000031,475200.0
2024-11-05 12:14:00,501.69375,543.0,49.16751,281639.9667000002,143164.60790878098,41.30624999999998,476040.0
2024-11-05 12:30:00,507.91545,543.0,51.7087,282147.8821500002,136252.88021270305,35.08454999999998,477000.0
2024-11-05 12:46:00,499.7361,543.0,51.72898,282647.6182500002,136436.88833498122,43.26389999999998,477960.0
2024-11-05 13:00:00,509.02815,543.0,51.70854,283156.6464000002,136740.47863359752,33.97185000000002,478800.0
2024-11-05 13:14:00,571.8864000000001,543.0,46.189,283728.5328000002,152677.1607850081,28.886400000000094,479640.0
2024-11-05 13:28:00,538.4229,543.0,46.27826,284266.9557000002,152713.1548470693,4.577099999999973,480480.0
2024-11-05 13:44:00,538.5038999999999,543.0,46.26464,284805.45960000023,153041.23901571467,4.4961000000000695,481440.0
2024-11-05 14:00:00,567.0213,543.0,46.20691,285372.48090000026,153510.67548576996,24.021299999999997,482400.0
2024-11-05 14:14:00,565.4301,543.0,46.20626,285937.91100000025,153816.69640477153,22.43010000000004,483240.0
2024-11-05 14:30:00,541.74795,543.0,46.25358,286479.65895000024,153972.56071383474,1.2520500000000538,484200.0
2024-11-05 14:46:00,568.36425,543.0,46.20096,287048.0232000002,154429.0808205774,25.36424999999997,485160.0
2024-11-05 15:00:00,547.0074,543.0,45.62559,287595.03060000023,156378.10107806957,4.007399999999961,486000.0
2024-11-05 15:16:00,538.1979,543.0,45.71019,288133.22850000026,156426.982299516,4.802099999999996,486960.0
2024-11-05 15:28:00,525.9393,543.0,45.74765,288659.1678000003,156604.38202194343,17.060699999999997,487680.0
2024-11-05 15:44:00,516.7218,543.0,45.77237,289175.8896000003,156813.23146149662,26.27819999999997,488640.0
2024-11-05 16:00:00,509.32605,543.0,45.7809,289685.21565000026,157064.7167584893,33.67394999999999,489600.0
2024-11-05 16:14:00,559.7631,543.0,45.6432,290244.97875000024,157767.88260918015,16.76310000000001,490440.0
2024-11-05 16:30:00,566.5311,543.0,45.63013,290811.50985000026,158113.83985048233,23.531100000000038,491400.0
2024-11-05 16:46:00,541.4630999999999,543.0,45.69388,291352.97295000026,158222.4951137947,1.5369000000000597,492360.0
2024-11-05 16:58:00,535.8927,543.0,45.73134,291888.8656500003,158404.17607745543,7.107300000000009,493080.0
2024-11-05 17:14:00,521.62815,543.0,45.75709,292410.4938000003,158611.96098248975,21.371849999999995,494040.0
2024-11-05 17:30:00,523.76775,543.0,45.75425,292934.2615500003,158904.38718475928,19.232250000000022,495000.0
2024-11-05 17:44:00,594.6339,543.0,45.5642,293528.8954500003,159784.80246937127,51.63390000000004,495840.0
2024-11-05 18:00:00,569.30745,543.0,45.62572,294098.2029000003,159913.78031981428,26.307450000000017,496800.0
2024-11-05 18:14:00,557.4792,543.0,45.65442,294655.6821000003,160132.33944020138,14.479199999999992,497640.0
2024-11-05 18:30:00,535.7988,543.0,45.71303,295191.4809000003,160250.5106787389,7.201199999999972,498600.0
2024-11-05 18:46:00,532.00185,543.0,45.72382,295723.4827500003,160507.4097996591,10.99815000000001,499560.0
2024-11-05 18:58:00,578.9226,543.0,45.33006,296302.4053500003,161988.34722340194,35.92259999999999,500280.0
2024-11-05 19:14:00,549.4842,543.0,45.40885,296851.8895500003,162054.860302075,6.484199999999987,501240.0
2024-11-05 19:30:00,541.05105,543.0,45.4326,297392.9406000003,162279.59546896457,1.948949999999968,502200.0
2024-11-05 19:44:00,527.91315,543.0,45.46043,297920.8537500003,162484.75257557904,15.086850000000027,503040.0
2024-11-05 20:00:00,515.8182,543.0,45.48954,298436.6719500003,162679.2026886361,27.181799999999953,504000.0
2024-11-05 20:16:00,563.5752,543.0,45.36349,299000.2471500003,163363.29993413464,20.575199999999995,504960.0
2024-11-05 20:30:00,555.17415,543.0,45.3894,299555.4213000003,163589.01290445795,12.174150000000054,505800.0
2024-11-05 20:44:00,551.76585,543.0,45.40242,300107.1871500003,163851.26158997114,8.76585,506640.0
2024-11-05 20:58:00,538.76145,543.0,45.43536,300645.9486000003,164046.3795281752,4.238550000000032,507480.0
2024-11-05 21:14:00,529.37955,543.0,45.46115,301175.3281500003,164257.56045673642,13.620450000000005,508440.0
2024-11-05 21:30:00,582.1764,543.0,45.33398,301757.5045500003,164958.8177888041,39.176399999999944,509400.0
2024-11-05 21:44:00,562.7198999999999,543.0,45.10762,302320.2244500003,165950.7664219471,19.71989999999994,510240.0
2024-11-05 22:00:00,561.34215,543.0,45.11205,302881.5666000003,166245.48283462485,18.342149999999947,511200.0
2024-11-05 22:16:00,544.8819,543.0,45.15137,303426.4485000003,166425.2500599057,1.8818999999999733,512160.0
2024-11-05 22:28:00,529.8051,543.0,45.19426,303956.2536000003,166585.4740617568,13.194899999999961,512880.0
2024-11-05 22:44:00,532.1361,543.0,45.18253,304488.3897000003,166912.83167728074,10.863899999999944,513840.0
2024-11-05 22:58:00,571.3755,543.0,45.0914,305059.7652000003,167504.04623460735,28.375499999999988,514680.0
2024-11-05 23:14:00,554.8090500000001,543.0,45.12763,305614.5742500003,167697.9599563849,11.80905000000007,515640.0
2024-11-05 23:30:00,540.7117499999999,543.0,45.16295,306155.2860000003,167886.52726146317,2.288250000000062,516600.0
2024-11-05 23:44:00,528.8358000000001,543.0,45.19524,306684.1218000003,168077.49691059787,14.164199999999937,517440.0
2024-11-06 00:00:00,514.0614,543.0,45.23442,307198.1832000003,168238.86677894276,28.93859999999995,518400.0
2024-11-06 00:16:00,593.5813499999999,543.0,45.01995,307791.7645500003,169224.06604547243,50.58134999999993,519360.0
2024-11-06 00:28:00,565.09995,543.0,45.09275,308356.8645000003,169310.2744831764,22.099950000000035,520080.0
2024-11-06 00:44:00,552.87405,543.0,45.12908,308909.7385500003,169501.61551197982,9.874050000000011,521040.0
2024-11-06 01:00:00,531.97605,543.0,45.19029,309441.7146000003,169604.10639128782,11.023950000000013,522000.0
2024-11-06 01:14:00,514.0851,543.0,45.2338,309955.7997000003,169751.01317530157,28.91489999999999,522840.0
2024-11-06 01:30:00,556.75665,543.0,45.12001,310512.5563500003,170409.25987362454,13.756650000000036,523800.0
2024-11-06 01:46:00,555.2241,543.0,45.12569,311067.7804500003,170696.29815425258,12.224100000000021,524760.0
2024-11-06 02:00:00,548.6172,543.0,45.13665,311616.3976500003,170963.19490011144,5.617200000000025,525600.0
2024-11-06 02:14:00,529.65285,543.0,45.1855,312146.0505000003,171101.2968513227,13.347150000000056,526440.0
2024-11-06 02:28:00,509.46915,543.0,45.24191,312655.5196500003,171204.19083991487,33.53084999999999,527280.0
2024-11-06 02:44:00,513.51585,543.0,45.23856,313169.03550000035,171495.8734739114,29.48415,528240.0
2024-11-06 03:00:00,568.5963,543.0,45.09717,313737.6318000003,172250.83863318013,25.596300000000042,529200.0
2024-11-06 03:14:00,563.05035,543.0,45.10263,314300.6821500003,172542.8083924096,20.05034999999998,530040.0
2024-11-06 03:30:00,541.5393,543.0,45.15476,314842.2214500003,172675.97197558414,1.4606999999999744,531000.0
2024-11-06 03:46:00,524.793,543.0,45.20269,315367.0144500003,172812.6405459115,18.206999999999994,531960.0
2024-11-06 04:00:00,518.82885,543.0,45.22796,315885.8433000003,173017.1204466135,24.17115000000001,532800.0
2024-11-06 04:16:00,586.7943,543.0,45.0358,316472.6376000003,173946.65347573935,43.79430000000002,533760.0
2024-11-06 04:28:00,559.3513499999999,543.0,45.1159,317031.9889500003,174000.15384730708,16.35134999999991,534480.0
2024-11-06 04:44:00,551.72325,543.0,45.14228,317583.7122000003,174219.183604282,8.723250000000007,535440.0
2024-11-06 05:00:00,543.28545,543.0,45.16341,318126.9976500003,174449.99738064033,0.2854499999999689,536400.0
2024-11-06 05:14:00,520.53225,543.0,45.22494,318647.5299000003,174539.37569124313,22.467750000000024,537240.0
2024-11-06 05:30:00,551.8839,543.0,45.13626,319199.41380000033,175124.7364687563,8.88390000000004,538200.0
2024-11-06 05:46:00,541.11855,543.0,45.15998,319740.53235000034,175345.77188884665,1.8814499999999725,539160.0
2024-11-06 05:58:00,555.4407,543.0,45.12351,320295.9730500003,175767.18762118608,12.440699999999993,539880.0
2024-11-06 06:14:00,548.0241,543.0,45.1433,320843.9971500003,176004.42898458423,5.024099999999976,540840.0
2024-11-06 06:28:00,535.332,543.0,45.17713,321379.3291500003,176189.37182677677,7.668000000000006,541680.0
2024-11-06 06:44:00,526.49955,543.0,45.20167,321905.8287000003,176399.01830026088,16.50045,542640.0
2024-11-06 07:00:00,555.27225,543.0,44.85177,322461.1009500003,177831.58961243834,12.272249999999985,543600.0
2024-11-06 07:14:00,546.92985,543.0,44.87458,323008.0308000003,178059.53361222954,3.9298499999999876,544440.0
2024-11-06 07:30:00,534.9811500000001,543.0,44.89987,323543.0119500003,178272.6201903657,8.01884999999993,545400.0
2024-11-06 07:46:00,528.2679,543.0,44.93042,324071.2798500003,178464.69271401977,14.732099999999946,546360.0
2024-11-06 07:58:00,515.65155,543.0,44.95837,324586.9314000003,178657.93780954197,27.348449999999957,547080.0
2024-11-06 08:14:00,572.11155,543.0,44.80915,325159.04295000026,179458.0396559702,29.111549999999966,548040.0
2024-11-06 08:30:00,546.9543,543.0,44.87615,325705.99725000025,179541.68536509425,3.9542999999999893,549000.0
2024-11-06 08:44:00,531.96315,543.0,44.91201,326237.9604000003,179717.9350013561,11.036849999999959,549840.0
2024-11-06 09:00:00,514.97925,543.0,44.95508,326752.93965000025,179860.8942279909,28.02075000000002,550800.0
2024-11-06 09:16:00,481.1034,543.0,45.01269,327234.04305000027,179937.1976774371,61.89659999999998,551760.0
2024-11-06 09:30:00,493.5438,543.0,48.73111,327727.58685000025,168022.2960017811,49.456200000000024,552600.0
2024-11-06 09:44:00,523.9312500000001,543.0,48.65152,328251.5181000003,168552.16512127506,19.06874999999991,553440.0
2024-11-06 09:58:00,513.9790499999999,543.0,48.67811,328765.4971500003,168728.6668052763,29.020950000000084,554280.0
2024-11-06 10:14:00,504.72255,543.0,48.71041,329270.2197000003,168881.34567622936,38.27744999999999,555240.0
2024-11-06 10:30:00,498.054,543.0,49.01683,329768.2737000003,168126.31958653644,44.946000000000026,556200.0
2024-11-06 10:44:00,502.88925,543.0,50.19304,330271.1629500003,164498.02602204148,40.110749999999996,557040.0
2024-11-06 11:00:00,507.77355,543.0,50.17548,330778.9365000003,164809.01737222992,35.22645,558000.0
2024-11-06 11:16:00,555.4911,543.0,50.06322,331334.4276000003,165457.74417487142,12.49109999999996,558960.0
2024-11-06 11:30:00,536.90745,543.0,50.10088,331871.3350500003,165600.87572220172,6.09254999999996,559800.0
2024-11-06 11:44:00,508.94685,543.0,50.15539,332380.2819000003,165673.65522995574,34.05315000000002,560640.0
2024-11-06 11:58:00,513.7125000000001,543.0,50.17137,332893.9944000003,165876.51676179687,29.28749999999991,561480.0
2024-11-06 12:14:00,500.65725,543.0,50.20618,333394.6516500003,166009.9327322282,42.342750000000024,562440.0
2024-11-06 12:30:00,566.56545,543.0,50.30359,333961.2171000003,165966.73569100627,23.565450000000055,563400.0
2024-11-06 12:44:00,557.73585,543.0,45.35078,334518.9529500003,182811.99853934214,14.735850000000028,564240.0
2024-11-06 13:00:00,540.7072499999999,543.0,45.37217,335059.6602000003,183035.8215726338,2.292750000000069,565200.0
2024-11-06 13:16:00,533.11515,543.0,45.42175,335592.7753500003,183160.66391246152,9.884850000000029,566160.0
2024-11-06 13:28:00,521.7495,543.0,45.44294,336114.5248500003,183374.20299112957,21.250499999999988,566880.0
2024-11-06 13:44:00,504.7476,543.0,45.48928,336619.2724500003,183493.5890712568,38.25240000000002,567840.0
2024-11-06 14:00:00,535.47315,543.0,47.79459,337154.74560000026,176013.01727493713,7.526849999999968,568800.0
2024-11-06 14:14:00,513.0038999999999,543.0,47.86526,337667.74950000027,176042.20326567645,29.99610000000007,569640.0
2024-11-06 14:30:00,495.5244,543.0,48.76156,338163.27390000026,173269.58619928727,47.475599999999986,570600.0
2024-11-06 14:44:00,504.4326,543.0,50.44069,338667.70650000026,167841.37853422528,38.56740000000002,571440.0
2024-11-06 15:00:00,506.67779999999993,543.0,50.4441,339174.38430000027,168080.91870932383,36.322200000000066,572400.0
2024-11-06 15:16:00,514.87905,543.0,50.69257,339689.26335000026,167492.04574381703,28.120949999999993,573360.0
2024-11-06 15:28:00,599.51145,543.0,45.76852,340288.77480000025,184543.63884790716,56.51144999999997,574080.0
2024-11-06 15:44:00,552.67155,543.0,45.63081,340841.4463500003,185312.73356477972,9.671550000000025,575040.0
2024-11-06 16:00:00,534.3975,543.0,45.67953,341375.8438500003,185436.96284578624,8.602499999999964,576000.0
2024-11-06 16:14:00,518.44425,543.0,45.7257,341894.2881000003,185560.73160625846,24.55574999999999,576840.0
2024-11-06 16:30:00,493.2708,543.0,45.77748,342387.5589000003,185651.16260206446,49.72919999999999,577800.0
2024-11-06 16:46:00,517.1754,543.0,45.73049,342904.7343000003,186092.71907141208,25.824600000000032,578760.0
2024-11-06 17:00:00,569.88135,543.0,45.58488,343474.6156500003,186902.12427548642,26.881349999999998,579600.0
2024-11-06 17:14:00,558.9408000000001,543.0,45.61774,344033.55645000027,187093.22315588593,15.940800000000081,580440.0
2024-11-06 17:28:00,544.57875,543.0,45.65355,344578.13520000025,187265.98395740055,1.5787500000000136,581280.0
2024-11-06 17:44:00,528.65325,543.0,45.70501,345106.7884500002,187375.69627824877,14.346750000000043,582240.0
2024-11-06 18:00:00,516.24015,543.0,45.73811,345623.02860000025,187541.58759360068,26.75985000000003,583200.0
2024-11-06 18:14:00,596.63535,543.0,45.52562,346219.66395000025,188601.01537484615,53.63535000000002,584040.0
2024-11-06 18:30:00,561.8457000000001,543.0,45.60288,346781.50965000025,188639.1539421222,18.84570000000008,585000.0
2024-11-06 18:46:00,553.1985,543.0,45.63372,347334.70815000025,188832.959970012,10.198499999999967,585960.0
2024-11-06 19:00:00,539.9503500000001,543.0,45.66027,347874.65850000025,189034.15016732222,3.0496499999999287,586800.0
2024-11-06 19:14:00,536.22945,543.0,45.67638,348410.88795000024,189269.4068085839,6.770549999999957,587640.0
2024-11-06 19:28:00,564.7473,543.0,45.59796,348975.6352500002,189849.86467895922,21.747299999999996,588480.0
2024-11-06 19:44:00,559.61595,543.0,45.33963,349535.25120000023,191057.26158634957,16.615949999999998,589440.0
2024-11-06 20:00:00,551.32185,543.0,45.35915,350086.57305000024,191290.2792503911,8.32185000000004,590400.0
2024-11-06 20:14:00,541.2636,543.0,45.39553,350627.83665000024,191458.47187519836,1.7364000000000033,591240.0
2024-11-06 20:30:00,530.3157,543.0,45.42685,351158.1523500002,191638.06521919416,12.684300000000007,592200.0
2024-11-06 20:46:00,522.9306,543.0,45.44226,351681.08295000024,191869.25086504547,20.069399999999973,593160.0
2024-11-06 20:58:00,577.7808,543.0,45.30098,352258.86375000025,192682.14633438538,34.7808,593880.0
2024-11-06 21:14:00,557.6913,543.0,45.34092,352816.55505000026,192846.2830780237,14.691299999999956,594840.0
2024-11-06 21:30:00,548.9538,543.0,45.36869,353365.5088500003,193048.20657292107,5.953800000000001,595800.0
2024-11-06 21:44:00,533.96805,543.0,45.40352,353899.4769000003,193216.65712581325,9.031950000000052,596640.0
2024-11-06 22:00:00,525.6437999999999,543.0,45.48108,354425.1207000003,193228.74801433663,17.356200000000058,597600.0
2024-11-06 22:14:00,594.174,543.0,45.2364,355019.2947000003,194421.34647232937,51.17399999999998,598440.0
2024-11-06 22:30:00,569.0214,543.0,45.31518,355588.31610000035,194452.8306003162,26.02139999999997,599400.0
2024-11-06 22:44:00,563.26815,543.0,45.33645,356151.58425000036,194685.09933229108,20.26814999999999,600240.0
2024-11-06 22:58:00,550.26135,543.0,45.37138,356701.84560000035,194861.29576581088,7.261349999999993,601080.0
2024-11-06 23:14:00,532.84935,543.0,45.42212,357234.6949500003,194971.12312817725,10.150650000000041,602040.0
2024-11-06 23:30:00,536.87325,543.0,45.40174,357771.5682000003,195337.05101191354,6.1267500000000155,603000.0
2024-11-06 23:44:00,572.0524499999999,543.0,45.31229,358343.62065000035,195969.9200645723,29.052449999999908,603840.0
2024-11-07 00:00:00,561.4254,543.0,45.33952,358905.04605000035,196179.22091515124,18.425399999999968,604800.0
2024-11-07 00:16:00,549.0060000000001,543.0,45.3726,359454.05205000035,196360.4028295619,6.0060000000000855,605760.0
2024-11-07 00:30:00,535.5729,543.0,45.40844,359989.6249500004,196523.95209835444,7.427099999999996,606600.0
2024-11-07 00:44:00,522.8457000000001,543.0,45.44235,360512.4706500004,196687.13194357994,20.15429999999992,607440.0
2024-11-07 00:58:00,584.93475,543.0,45.00376,361097.4054000004,198589.99570755722,41.93475000000001,608280.0
2024-11-07 01:14:00,561.65745,543.0,45.06768,361659.0628500004,198667.7137137633,18.65745000000004,609240.0
2024-11-07 01:30:00,554.03025,543.0,45.08822,362213.0931000004,198897.6568142674,11.030250000000024,610200.0
2024-11-07 01:44:00,535.2843,543.0,45.14861,362748.3774000004,198972.52720634607,7.71569999999997,611040.0
2024-11-07 02:00:00,530.90925,543.0,45.1526,363279.28665000043,199249.24346607234,12.090749999999957,612000.0
2024-11-07 02:16:00,542.3951999999999,543.0,45.12118,363821.68185000046,199661.0459034344,0.6048000000000684,612960.0
2024-11-07 02:30:00,562.5678,543.0,45.06117,364384.2496500005,200188.44346198937,19.567800000000034,613800.0
2024-11-07 02:44:00,543.15885,543.0,45.12076,364927.4085000005,200269.38833649564,0.15885000000002947,614640.0
2024-11-07 02:58:00,547.4139,543.0,45.10852,365474.82240000047,200614.5390427318,4.413900000000012,615480.0
2024-11-07 03:14:00,534.4872,543.0,45.14167,366009.30960000044,200786.59489108992,8.51279999999997,616440.0
2024-11-07 03:30:00,525.7089,543.0,45.1583,366535.0185000005,201014.0352407148,17.29110000000003,617400.0
2024-11-07 03:44:00,570.3633,543.0,44.76686,367105.3818000005,202763.82947712878,27.36329999999998,618240.0
2024-11-07 04:00:00,551.9031,543.0,44.82473,367657.2849000005,202855.8996182445,8.903099999999995,619200.0
2024-11-07 04:16:00,536.59695,543.0,44.86139,368193.88185000047,203016.98855713254,6.4030500000000075,620160.0
2024-11-07 04:28:00,523.9286999999999,543.0,44.90178,368717.81055000046,203156.95043602245,19.071300000000065,620880.0
2024-11-07 04:44:00,515.71695,543.0,44.92285,369233.52750000043,203363.3037914665,27.283050000000003,621840.0
2024-11-07 05:00:00,543.77115,543.0,44.849,369777.2986500004,203935.87797846177,0.7711500000000342,622800.0
2024-11-07 05:14:00,551.1477,543.0,44.82679,370328.4463500004,204322.09139442304,8.147699999999986,623640.0
2024-11-07 05:30:00,541.35705,543.0,44.85284,370869.8034000004,204524.16387268362,1.6429500000000417,624600.0
2024-11-07 05:44:00,536.3077499999999,543.0,44.86179,371406.11115000036,204786.6815187206,6.692250000000058,625440.0
2024-11-07 06:00:00,526.197,543.0,44.8925,371932.30815000035,204962.59671376142,16.802999999999997,626400.0
2024-11-07 06:16:00,512.09565,543.0,44.92604,372444.4038000003,205119.88197105067,30.904350000000022,627360.0
2024-11-07 06:28:00,567.9198,543.0,44.79051,373012.3236000003,205938.20149670978,24.91980000000001,628080.0
2024-11-07 06:44:00,551.1087,543.0,44.82775,373563.4323000003,206103.35077713692,8.108699999999999,629040.0
2024-11-07 07:00:00,536.39235,543.0,44.86722,374099.82465000026,206251.6333046704,6.607650000000035,630000.0
2024-11-07 07:14:00,521.562,543.0,44.91008,374621.38665000023,206378.62220837577,21.437999999999988,630840.0
2024-11-07 07:30:00,507.26625,543.0,44.94053,375128.6529000002,206543.84810487975,35.733749999999986,631800.0
2024-11-07 07:46:00,558.3936,543.0,44.81781,375687.04650000023,207312.33980501848,15.393599999999992,632760.0
2024-11-07 08:00:00,547.15095,543.0,44.84069,376234.1974500002,207528.18729745774,4.150949999999966,633600.0
2024-11-07 08:14:00,541.2273,543.0,44.85281,376775.42475000024,207781.05936018965,1.7726999999999862,634440.0
2024-11-07 08:28:00,528.6381,543.0,44.88707,377304.0628500002,207943.3240456766,14.361899999999991,635280.0
2024-11-07 08:44:00,512.57595,543.0,44.93064,377816.63880000025,208061.2049606718,30.424049999999966,636240.0
2024-11-07 09:00:00,502.88835,543.0,44.95529,378319.5271500003,208244.88659308892,40.11165,637200.0
2024-11-07 09:14:00,569.7528,543.0,44.77565,378889.2799500003,209239.14207206797,26.75279999999998,638040.0
2024-11-07 09:30:00,543.49815,543.0,44.84827,379432.7781000003,209263.74130921127,0.49815000000000964,639000.0
2024-11-07 09:46:00,528.2829,543.0,44.90211,379961.0610000003,209350.52743261307,14.71709999999996,639960.0
2024-11-07 09:58:00,517.21635,543.0,44.91967,380478.2773500003,209568.69074269535,25.783649999999966,640680.0
2024-11-07 10:14:00,504.8745,543.0,44.9489,380983.15185000026,209735.41590809549,38.12549999999999,641640.0
2024-11-07 10:28:00,518.5434,543.0,44.91547,381501.6952500003,210148.41577049496,24.45659999999998,642480.0
